Workbook

Sheet Fichier 1
A1: ref_employe | B1: nom | C1: genre | D1: identifiant | E1: mdp | F1: heure_travail_semaine | G1: poste
A2: 1 | B2: Rakotobe | C2: homme | D2: rakoto1 | E2: hImsghv2pqC0 | F2: 35 | G2: Comptable
A3: 2 | B3: Rasoabe | C3: femme | D3: rasoa1 | E3: hImsghv2pqC0 | F3: 35 | G3: Technicien
A4: 3 | B4: Rajao | C4: homme | D4: rajao1 | E4: hImsghv2pqC0 | F4: 30 | G4: Vente
A5: 4 | B5: Rajenja | C5: homme | D5: rajenja1 | E5: hImsghv2pqC0 | F5: 30 | G5: Technicien

Sheet Fichier 2
A1: ref_salaire | B1: ref_employe | C1: date_debut | D1: date_fin | E1: montant | F1: paiement
A2: 5 | B2: 2 | C2: 45324 | D2: 45337 | E2: 300
A3: 7 | B3: 2 | C3: 45342 | D3: 45343 | E3: 100
A4: 8 | B4: 2 | C4: 45349 | D4: 45351 | E4: 150
A5: 6 | B5: 4 | C5: 45332 | D5: 45342 | E5: 200
A6: 9 | B6: 4 | C6: 45335 | D6: 45343 | E6: 200
A7: 1 | B7: 1 | C7: 46082 | D7: 46089 | E7: 890 | F7: {["08/03/26",890]}
A8: 4 | B8: 2 | C8: 46082 | D8: 46089 | E8: 677.56
A9: 2 | B9: 1 | C9: 46083 | D9: 46116 | E9: 780 | F9: {["08/03/26",480],["08/03/26",300]}
A10: 3 | B10: 1 | C10: 46144 | D10: 46156 | E10: 500 | F10: {["08/05/26",200]}

Sheet JourFeries
A1: JourFerie
A2: 45336
A3: 45344
A4: 45340

Sheet CritereGenereSalaire
A1: Salaire par jour | B1: % majoration Ferie | C1: % majoration S ou D | D1: Samedi | E1: Dimanche | F1: Montant_JF_Majore | G1: Montant_W_majore
A2: 20 | B2: 200 | C2: 100 | D2: 1 | E2: 1 | F2: =(Tableau1[Salaire par jour]*Tableau1[% majoration Ferie])/100 -> 40 | G2: =(Tableau1[Salaire par jour]*Tableau1[% majoration S ou D])/100 -> 20

Sheet SalaireEnMasse
A1: ref_employe | B1: dateDebut | C1: dateFin | D1: nbrJoursOuvres | E1: nbrJourFeries | F1: nbrSamedi | G1: nbrDimanche | H1: Montant
A2: 2 | B2: 45323 | C2: 45323 | D2: =(C2-B2+1)-E2-F2-G2 -> 1 | E2: =COUNTIFS(JourFeries!A2:A34,">="&B2,JourFeries!$A$2:$A$34,"<="&C2) - IF(CritereGenereSalaire!$B$2<CritereGenereSalaire!$C$2,SUMPRODUCT((WEEKDAY(ROW(INDIRECT(B2&":"&C2)))=7)*COUNTIF(JourFeries!$A$2:$A$34,ROW(INDIRECT(B2&":"&C2))))+SUMPRODUCT((WEEKDAY(ROW(INDIRECT(B2&":"&C2)))=1)*COUNTIF(JourFeries!$A$2:$A$34,ROW(INDIRECT(B2&":"&C2)))),0) -> 0 | F2: =SUMPRODUCT(--(WEEKDAY(ROW(INDIRECT(B2&":"&C2)))=7)) - IF(CritereGenereSalaire!$B$2>=CritereGenereSalaire!$C$2,SUMPRODUCT((WEEKDAY(ROW(INDIRECT(B2&":"&C2)))=7)*COUNTIF(JourFeries!$A$2:$A$34,ROW(INDIRECT(B2&":"&C2)))),0) -> 0 | G2: =SUMPRODUCT(--(WEEKDAY(ROW(INDIRECT(B2&":"&C2)))=1)) - IF(CritereGenereSalaire!$B$2>=CritereGenereSalaire!$C$2,SUMPRODUCT((WEEKDAY(ROW(INDIRECT(B2&":"&C2)))=1)*COUNTIF(JourFeries!$A$2:$A$34,ROW(INDIRECT(B2&":"&C2)))),0) -> 0 | H2: =(D2*Tableau1[Salaire par jour])+E2*(Tableau1[Montant_JF_Majore]+Tableau1[Salaire par jour])+(F2*(Tableau1[Montant_W_majore]+Tableau1[Salaire par jour])*CritereGenereSalaire!$D$2)+(G2*(Tableau1[Montant_W_majore]+Tableau1[Salaire par jour])*CritereGenereSalaire!$E$2) -> 20
A3: 2 | B3: 45338 | C3: 45341 | D3: =(C3-B3+1)-E3-F3-G3 -> 2 | E3: =COUNTIFS(JourFeries!$A$2:$A$34,">="&B3,JourFeries!$A$2:$A$34,"<="&C3) - IF(CritereGenereSalaire!$B$2<CritereGenereSalaire!$C$2,SUMPRODUCT((WEEKDAY(ROW(INDIRECT(B3&":"&C3)))=7)*COUNTIF(JourFeries!$A$2:$A$34,ROW(INDIRECT(B3&":"&C3))))+SUMPRODUCT((WEEKDAY(ROW(INDIRECT(B3&":"&C3)))=1)*COUNTIF(JourFeries!$A$2:$A$34,ROW(INDIRECT(B3&":"&C3)))),0) -> 1 | F3: =SUMPRODUCT(--(WEEKDAY(ROW(INDIRECT(B3&":"&C3)))=7)) - IF(CritereGenereSalaire!$B$2>=CritereGenereSalaire!$C$2,SUMPRODUCT((WEEKDAY(ROW(INDIRECT(B3&":"&C3)))=7)*COUNTIF(JourFeries!$A$2:$A$34,ROW(INDIRECT(B3&":"&C3)))),0) -> 1 | G3: =SUMPRODUCT(--(WEEKDAY(ROW(INDIRECT(B3&":"&C3)))=1)) - IF(CritereGenereSalaire!$B$2>=CritereGenereSalaire!$C$2,SUMPRODUCT((WEEKDAY(ROW(INDIRECT(B3&":"&C3)))=1)*COUNTIF(JourFeries!$A$2:$A$34,ROW(INDIRECT(B3&":"&C3)))),0) -> 0 | H3: =(D3*Tableau1[Salaire par jour])+E3*(Tableau1[Montant_JF_Majore]+Tableau1[Salaire par jour])+(F3*(Tableau1[Montant_W_majore]+Tableau1[Salaire par jour])*CritereGenereSalaire!$D$2)+(G3*(Tableau1[Montant_W_majore]+Tableau1[Salaire par jour])*CritereGenereSalaire!$E$2) -> 140
A4: 2 | B4: 45344 | C4: 45348 | D4: =(C4-B4+1)-E4-F4-G4 -> 2 | E4: =COUNTIFS(JourFeries!$A$2:$A$34,">="&B4,JourFeries!$A$2:$A$34,"<="&C4) - IF(CritereGenereSalaire!$B$2<CritereGenereSalaire!$C$2,SUMPRODUCT((WEEKDAY(ROW(INDIRECT(B4&":"&C4)))=7)*COUNTIF(JourFeries!$A$2:$A$34,ROW(INDIRECT(B4&":"&C4))))+SUMPRODUCT((WEEKDAY(ROW(INDIRECT(B4&":"&C4)))=1)*COUNTIF(JourFeries!$A$2:$A$34,ROW(INDIRECT(B4&":"&C4)))),0) -> 1 | F4: =SUMPRODUCT(--(WEEKDAY(ROW(INDIRECT(B4&":"&C4)))=7)) - IF(CritereGenereSalaire!$B$2>=CritereGenereSalaire!$C$2,SUMPRODUCT((WEEKDAY(ROW(INDIRECT(B4&":"&C4)))=7)*COUNTIF(JourFeries!$A$2:$A$34,ROW(INDIRECT(B4&":"&C4)))),0) -> 1 | G4: =SUMPRODUCT(--(WEEKDAY(ROW(INDIRECT(B4&":"&C4)))=1)) - IF(CritereGenereSalaire!$B$2>=CritereGenereSalaire!$C$2,SUMPRODUCT((WEEKDAY(ROW(INDIRECT(B4&":"&C4)))=1)*COUNTIF(JourFeries!$A$2:$A$34,ROW(INDIRECT(B4&":"&C4)))),0) -> 1 | H4: =(D4*Tableau1[Salaire par jour])+E4*(Tableau1[Montant_JF_Majore]+Tableau1[Salaire par jour])+(F4*(Tableau1[Montant_W_majore]+Tableau1[Salaire par jour])*CritereGenereSalaire!$D$2)+(G4*(Tableau1[Montant_W_majore]+Tableau1[Salaire par jour])*CritereGenereSalaire!$E$2) -> 180
A5: 4 | B5: 45323 | C5: 45331 | D5: =(C5-B5+1)-E5-F5-G5 -> 7 | E5: =COUNTIFS(JourFeries!$A$2:$A$34,">="&B5,JourFeries!$A$2:$A$34,"<="&C5) - IF(CritereGenereSalaire!$B$2<CritereGenereSalaire!$C$2,SUMPRODUCT((WEEKDAY(ROW(INDIRECT(B5&":"&C5)))=7)*COUNTIF(JourFeries!$A$2:$A$34,ROW(INDIRECT(B5&":"&C5))))+SUMPRODUCT((WEEKDAY(ROW(INDIRECT(B5&":"&C5)))=1)*COUNTIF(JourFeries!$A$2:$A$34,ROW(INDIRECT(B5&":"&C5)))),0) -> 0 | F5: =SUMPRODUCT(--(WEEKDAY(ROW(INDIRECT(B5&":"&C5)))=7)) - IF(CritereGenereSalaire!$B$2>=CritereGenereSalaire!$C$2,SUMPRODUCT((WEEKDAY(ROW(INDIRECT(B5&":"&C5)))=7)*COUNTIF(JourFeries!$A$2:$A$34,ROW(INDIRECT(B5&":"&C5)))),0) -> 1 | G5: =SUMPRODUCT(--(WEEKDAY(ROW(INDIRECT(B5&":"&C5)))=1)) - IF(CritereGenereSalaire!$B$2>=CritereGenereSalaire!$C$2,SUMPRODUCT((WEEKDAY(ROW(INDIRECT(B5&":"&C5)))=1)*COUNTIF(JourFeries!$A$2:$A$34,ROW(INDIRECT(B5&":"&C5)))),0) -> 1 | H5: =(D5*Tableau1[Salaire par jour])+E5*(Tableau1[Montant_JF_Majore]+Tableau1[Salaire par jour])+(F5*(Tableau1[Montant_W_majore]+Tableau1[Salaire par jour])*CritereGenereSalaire!$D$2)+(G5*(Tableau1[Montant_W_majore]+Tableau1[Salaire par jour])*CritereGenereSalaire!$E$2) -> 220
A6: 4 | B6: 45344 | C6: 45351 | D6: =(C6-B6+1)-E6-F6-G6 -> 5 | E6: =COUNTIFS(JourFeries!$A$2:$A$34,">="&B6,JourFeries!$A$2:$A$34,"<="&C6) - IF(CritereGenereSalaire!$B$2<CritereGenereSalaire!$C$2,SUMPRODUCT((WEEKDAY(ROW(INDIRECT(B6&":"&C6)))=7)*COUNTIF(JourFeries!$A$2:$A$34,ROW(INDIRECT(B6&":"&C6))))+SUMPRODUCT((WEEKDAY(ROW(INDIRECT(B6&":"&C6)))=1)*COUNTIF(JourFeries!$A$2:$A$34,ROW(INDIRECT(B6&":"&C6)))),0) -> 1 | F6: =SUMPRODUCT(--(WEEKDAY(ROW(INDIRECT(B6&":"&C6)))=7)) - IF(CritereGenereSalaire!$B$2>=CritereGenereSalaire!$C$2,SUMPRODUCT((WEEKDAY(ROW(INDIRECT(B6&":"&C6)))=7)*COUNTIF(JourFeries!$A$2:$A$34,ROW(INDIRECT(B6&":"&C6)))),0) -> 1 | G6: =SUMPRODUCT(--(WEEKDAY(ROW(INDIRECT(B6&":"&C6)))=1)) - IF(CritereGenereSalaire!$B$2>=CritereGenereSalaire!$C$2,SUMPRODUCT((WEEKDAY(ROW(INDIRECT(B6&":"&C6)))=1)*COUNTIF(JourFeries!$A$2:$A$34,ROW(INDIRECT(B6&":"&C6)))),0) -> 1 | H6: =(D6*Tableau1[Salaire par jour])+E6*(Tableau1[Montant_JF_Majore]+Tableau1[Salaire par jour])+(F6*(Tableau1[Montant_W_majore]+Tableau1[Salaire par jour])*CritereGenereSalaire!$D$2)+(G6*(Tableau1[Montant_W_majore]+Tableau1[Salaire par jour])*CritereGenereSalaire!$E$2) -> 240
